{"stats":{"minecraft:mined":{"minecraft:acacia_leaves":4,"minecraft:crafting_table":1,"minecraft:grass":8,"minecraft:acacia_log":7,"minecraft:oak_log":3,"minecraft:fern":1},"minecraft:killed":{"minecraft:sheep":4,"minecraft:zombie":1,"minecraft:pig":4,"minecraft:spider":1,"minecraft:cow":1},"minecraft:dropped":{"minecraft:oak_planks":8},"minecraft:used":{"minecraft:acacia_boat":1,"minecraft:wooden_axe":41,"minecraft:crafting_table":2,"minecraft:porkchop":4},"minecraft:custom":{"minecraft:time_since_rest":1873,"minecraft:sprint_one_cm":30145,"minecraft:damage_taken":305,"minecraft:walk_one_cm":27962,"minecraft:mob_kills":12,"minecraft:drop":8,"minecraft:damage_dealt":1532,"minecraft:swim_one_cm":7940,"minecraft:interact_with_crafting_table":3,"minecraft:fly_one_cm":44131,"minecraft:crouch_one_cm":261,"minecraft:play_time":13426,"minecraft:deaths":1,"minecraft:sneak_time":197,"minecraft:walk_under_water_one_cm":203,"minecraft:boat_one_cm":77970,"minecraft:jump":175,"minecraft:leave_game":1,"minecraft:walk_on_water_one_cm":148,"minecraft:time_since_death":1818,"minecraft:total_world_time":13426,"minecraft:fall_one_cm":6410,"minecraft:horse_one_cm":6038},"minecraft:broken":{"minecraft:wooden_axe":1},"minecraft:crafted":{"minecraft:oak_planks":12,"minecraft:crafting_table":1,"minecraft:stick":4,"minecraft:wooden_axe":1,"minecraft:acacia_planks":28,"minecraft:acacia_boat":1},"minecraft:picked_up":{"minecraft:crafting_table":1,"minecraft:leather":1,"minecraft:acacia_log":7,"minecraft:porkchop":11,"minecraft:oak_log":3,"minecraft:rotten_flesh":2,"minecraft:wheat_seeds":1,"minecraft:beef":2,"minecraft:mutton":7,"minecraft:oak_planks":7,"minecraft:white_wool":4}},"DataVersion":3120}