{"stats":{"minecraft:killed":{"minecraft:sheep":4},"minecraft:used":{"minecraft:stone_axe":18,"minecraft:stone_sword":6,"minecraft:crafting_table":1,"minecraft:stone_pickaxe":508,"minecraft:acacia_sapling":3,"minecraft:wooden_pickaxe":15},"minecraft:custom":{"minecraft:time_since_rest":18744,"minecraft:play_time":18744,"minecraft:sprint_one_cm":3261,"minecraft:damage_taken":40,"minecraft:walk_one_cm":40529,"minecraft:mob_kills":4,"minecraft:drop":1,"minecraft:jump":124,"minecraft:damage_dealt":455,"minecraft:leave_game":1,"minecraft:time_since_death":18744,"minecraft:total_world_time":18744,"minecraft:interact_with_crafting_table":4,"minecraft:fall_one_cm":3378,"minecraft:fly_one_cm":12651},"minecraft:mined":{"minecraft:acacia_log":28,"minecraft:grass_block":3,"minecraft:acacia_leaves":1,"minecraft:dirt":9,"minecraft:stone":450,"minecraft:andesite":16,"minecraft:diorite":39},"minecraft:broken":{"minecraft:stone_pickaxe":3},"minecraft:crafted":{"minecraft:stone_sword":1,"minecraft:acacia_planks":40,"minecraft:stone_axe":1,"minecraft:crafting_table":1,"minecraft:stick":44,"minecraft:stone_pickaxe":19,"minecraft:wooden_pickaxe":1},"minecraft:dropped":{"minecraft:wooden_pickaxe":1},"minecraft:picked_up":{"minecraft:andesite":11,"minecraft:acacia_log":28,"minecraft:diorite":39,"minecraft:mutton":7,"minecraft:white_wool":4,"minecraft:acacia_sapling":3,"minecraft:dirt":12,"minecraft:cobblestone":447}},"DataVersion":3120}