{"stats":{"minecraft:killed_by":{"minecraft:spider":1},"minecraft:killed":{"minecraft:zombie":1},"minecraft:picked_up":{"minecraft:carrot":1},"minecraft:used":{"minecraft:carrot":2},"minecraft:custom":{"minecraft:jump":103,"minecraft:time_since_rest":2449,"minecraft:deaths":1,"minecraft:damage_dealt":206,"minecraft:walk_on_water_one_cm":336,"minecraft:sprint_one_cm":11780,"minecraft:leave_game":3,"minecraft:play_time":16475,"minecraft:damage_taken":305,"minecraft:time_since_death":2411,"minecraft:walk_one_cm":27399,"minecraft:walk_under_water_one_cm":661,"minecraft:total_world_time":16475,"minecraft:mob_kills":1,"minecraft:fall_one_cm":1732,"minecraft:fly_one_cm":12328}},"DataVersion":3120}